provisi,Negara,Tanggal,kasus,kematian,pulih,terjangkit
,Indonesia,2020-03-12,34,1,2,
,Indonesia,2021-10-08,4225871,142560,,
,Indonesia,2020-08-12,130718,5903,85798,39017
,Indonesia,2021-08-11,3749446,112198,,
,Indonesia,2020-04-17,5923,520,607,4796
,Indonesia,2020-03-15,117,5,8,
,Indonesia,2022-03-28,6001751,154774,,
,Indonesia,2021-02-03,1111671,30770,905665,175236
,Indonesia,2020-07-20,88214,4239,46977,36998
,Indonesia,2021-06-10,1885942,52373,1728914,104655
,Indonesia,2020-09-14,221523,8841,158405,54277
,Indonesia,2022-10-07,6442624,158192,,
,Indonesia,2020-11-09,440569,14689,372266,53614
,Indonesia,2022-09-08,6385140,157729,,
,Indonesia,2021-11-18,4252345,143709,,
,Indonesia,2021-02-06,1147010,31393,939184,176433
,Indonesia,2021-12-23,4261208,144042,,
,Indonesia,2022-08-25,6334357,157457,,
,Indonesia,2022-05-16,6050958,156464,,
,Indonesia,2020-08-22,151498,6594,105198,39706
,Indonesia,2020-10-30,406945,13782,334295,58868
,Indonesia,2021-08-26,4043736,130182,,
,Indonesia,2020-03-02,2,0,0,
,Indonesia,2021-07-05,2313829,61140,1942690,309999
,Indonesia,2020-05-19,18496,1221,4467,12808
,Indonesia,2022-11-17,6590113,159291,,
,Indonesia,2021-04-07,1547376,42064,1391742,113570
,Indonesia,2020-03-25,790,58,31,701
,Indonesia,2020-09-27,275213,10386,203014,61813
,Indonesia,2021-11-30,4256409,143830,,
,Indonesia,2022-02-18,5089637,146044,,
,Indonesia,2021-09-21,4195958,140805,,
,Indonesia,2022-05-01,6047040,156273,,
,Indonesia,2020-04-14,4839,459,426,3954
,Indonesia,2020-10-07,315714,11472,240291,63951
,Indonesia,2022-08-10,6261605,157149,,
,Indonesia,2021-01-25,999256,28132,809488,161636
,Indonesia,2021-04-09,1558145,42348,1405659,110138
,Indonesia,2021-09-07,4140634,137156,,
,Indonesia,2020-05-06,12438,895,2317,9226
,Indonesia,2021-05-15,1736670,47967,1597067,91636
,Indonesia,2022-04-07,6028413,155509,,
,Indonesia,2021-06-23,2033421,55594,1817303,160524
,Indonesia,2021-02-19,1263299,34152,1069005,160142
,Indonesia,2022-02-17,4966046,145622,,
,Indonesia,2020-10-01,291182,10856,218487,61839
,Indonesia,2020-04-21,7135,616,842,5677
,Indonesia,2021-05-18,1748230,48477,1612239,87514
,Indonesia,2022-05-28,6054173,156573,,
,Indonesia,2020-11-19,483518,15600,406612,61306
,Indonesia,2020-06-21,45891,2465,18404,25022
,Indonesia,2021-06-26,2093962,56729,1842457,194776
,Indonesia,2021-08-25,4026837,129293,,
,Indonesia,2022-07-01,6090509,156740,,
,Indonesia,2022-11-18,6596812,159323,,
,Indonesia,2022-06-10,6056017,156604,,
,Indonesia,2020-11-25,511836,16225,429807,65804
,Indonesia,2022-06-22,6072918,156702,,
,Indonesia,2022-04-06,6026324,155464,,
,Indonesia,2020-10-17,357762,12431,281592,63739
,Indonesia,2022-02-06,4516480,144554,,
,Indonesia,2020-05-09,13645,959,2607,10079
,Indonesia,2021-10-20,4237201,143077,,
,Indonesia,2021-05-16,1739750,48093,1600857,90800
,Indonesia,2020-10-20,368842,12734,293653,62455
,Indonesia,2022-11-02,6502659,158695,,
,Indonesia,2020-03-22,514,48,29,437
,Indonesia,2022-09-20,6412944,157930,,
,Indonesia,2021-02-18,1252685,33969,1058222,160494
,Indonesia,2021-11-02,4245373,143457,,
,Indonesia,2021-01-24,989262,27835,798810,162617
,Indonesia,2022-07-04,6095351,156758,,
,Indonesia,2022-03-12,5878910,151951,,
,Indonesia,2022-11-29,6659235,159789,,
,Indonesia,2021-04-06,1542516,41977,1385973,114566
,Indonesia,2020-04-27,9096,765,1151,7180
,Indonesia,2020-04-04,2092,191,150,1751
,Indonesia,2020-12-27,713365,21237,583676,108452
,Indonesia,2021-06-22,2018113,55291,1810136,142719
,Indonesia,2021-05-01,1672880,45652,1526978,100250
,Indonesia,2020-07-30,106336,5058,64292,36986
,Indonesia,2021-04-22,1626812,44172,1481449,101191
,Indonesia,2022-01-24,4289305,144227,,
,Indonesia,2022-02-02,4353370,144320,,
,Indonesia,2022-07-19,6143431,156865,,
,Indonesia,2021-09-08,4147365,137782,,
,Indonesia,2022-03-10,5847900,151413,,
,Indonesia,2021-12-25,4261667,144053,,
,Indonesia,2022-04-19,6041269,155937,,
,Indonesia,2020-03-18,227,19,11,
,Indonesia,2021-12-09,4258560,143918,,
,Indonesia,2021-06-20,1989909,54662,1792528,142719
,Indonesia,2021-02-20,1271353,34316,1078840,158197
,Indonesia,2021-12-26,4261667,144053,,
,Indonesia,2022-03-26,5986830,154343,,
,Indonesia,2021-05-02,1677274,45796,1530718,100760
,Indonesia,2022-07-17,6134953,156849,,
,Indonesia,2020-08-05,116871,5452,73889,37530
,Indonesia,2020-09-05,190665,7940,136401,46324
,Indonesia,2020-12-18,650197,19514,531995,98688
,Indonesia,2022-05-29,6054415,156574,,
,Indonesia,2022-11-12,6556627,159068,,
,Indonesia,2020-12-21,671778,20085,546884,104809
,Indonesia,2021-06-27,2115304,57138,1850481,207685
,Indonesia,2021-01-10,828026,24129,681024,122873
,Indonesia,2022-07-02,6092303,156745,,
,Indonesia,2022-06-07,6056017,156604,,
,Indonesia,2022-11-04,6512913,158768,,
,Indonesia,2020-11-18,478720,15503,402347,60870
,Indonesia,2022-06-24,6076894,156711,,
,Indonesia,2021-10-22,4238594,143153,,
,Indonesia,2020-10-13,340622,12027,263296,65299
,Indonesia,2021-03-29,1501093,40581,1336818,123694
,Indonesia,2020-11-13,457735,15037,385094,57604
,Indonesia,2021-06-12,1901490,52730,1740436,108324
,Indonesia,2021-05-17,1744045,48305,1606611,89129
,Indonesia,2022-10-09,6444948,158205,,
,Indonesia,2022-05-14,6050519,156453,,
,Indonesia,2020-12-14,623309,18956,510957,93396
,Indonesia,2020-08-06,118753,5521,75645,37587
,Indonesia,2022-09-05,6374882,157668,,
,Indonesia,2020-12-05,569707,17589,470449,81669
,Indonesia,2022-04-05,6023924,155421,,
,Indonesia,2022-05-13,6050211,156448,,
,Indonesia,2022-11-28,6653469,159735,,
,Indonesia,2021-01-09,818386,23947,673511,120928
,Indonesia,2020-10-14,344749,12156,267851,64742
,Indonesia,2022-05-02,6047208,156287,,
,Indonesia,2020-03-08,6,0,0,
,Indonesia,2021-03-04,1361098,36897,1176356,147845
,Indonesia,2021-07-16,2780803,71397,2204491,504915
,Indonesia,2022-02-14,4807778,145176,,
,Indonesia,2020-11-02,415402,14044,345566,55792
,Indonesia,2020-08-09,125396,5723,80952,38721
,Indonesia,2022-04-30,6046796,156257,,
,Indonesia,2020-11-20,488310,15678,410552,62080
,Indonesia,2022-02-22,5289414,146798,,
,Indonesia,2020-07-09,70736,3417,32651,34668
,Indonesia,2022-04-22,6043246,156040,,
,Indonesia,2021-04-18,1604348,43424,1455065,105859
,Indonesia,2020-04-09,3293,280,252,2761
,Indonesia,2022-05-04,6047491,156321,,
,Indonesia,2022-01-08,4265666,144127,,
,Indonesia,2020-11-30,538883,16945,450518,71420
,Indonesia,2021-11-14,4250855,143659,,
,Indonesia,2022-05-12,6049876,156438,,
,Indonesia,2022-07-12,6116347,156806,,
,Indonesia,2020-12-30,735124,21944,603741,109439
,Indonesia,2021-11-10,4249323,143592,,
,Indonesia,2021-03-01,1341314,36325,1151915,153074
,Indonesia,2022-08-29,6349175,157521,,
,Indonesia,2021-08-22,3979456,126372,,
,Indonesia,2020-04-30,10118,792,1522,7804
,Indonesia,2022-06-29,6086212,156731,,
,Indonesia,2021-10-19,4236287,143049,,
,Indonesia,2022-10-04,6437750,158156,,
,Indonesia,2021-02-22,1288833,34691,1096994,157148
,Indonesia,2022-08-02,6216621,157028,,
,Indonesia,2020-05-30,25773,1573,7015,17185
,Indonesia,2022-09-24,6421118,157998,,
,Indonesia,2020-10-09,324658,11677,247667,65314
,Indonesia,2021-10-24,4240019,143205,,
,Indonesia,2022-09-19,6410426,157915,,
,Indonesia,2020-08-30,172053,7343,124185,40525
,Indonesia,2020-09-30,287008,10740,214947,61321
,Indonesia,2021-07-08,2417788,63760,1994573,359455
,Indonesia,2020-05-20,19189,1242,4575,13372
,Indonesia,2020-04-20,6760,590,747,5423
,Indonesia,2021-06-29,2156465,58024,1869606,228835
,Indonesia,2022-10-11,6448220,158235,,
,Indonesia,2022-07-11,6112986,156798,,
,Indonesia,2022-06-15,6063251,156670,,
,Indonesia,2022-01-05,4264136,144109,,
,Indonesia,2020-04-05,2273,198,164,1911
,Indonesia,2021-04-17,1599763,43328,1450192,106243
,Indonesia,2022-05-23,6052764,156534,,
,Indonesia,2022-08-18,6301523,157317,,
,Indonesia,2021-09-11,4163732,138701,,
,Indonesia,2022-03-19,5956561,153599,,
,Indonesia,2020-03-26,893,78,35,780
,Indonesia,2020-09-26,271339,10308,199403,61628
,Indonesia,2022-04-26,6045043,156163,,
,Indonesia,2021-05-20,1758898,48887,1621572,88439
,Indonesia,2021-09-01,4100138,133676,,
,Indonesia,2021-07-28,3287727,88659,2640676,558392
,Indonesia,2022-10-16,6456868,158313,,
,Indonesia,2021-04-01,1517854,41054,1355578,121222
,Indonesia,2022-03-08,5800253,150831,,
,Indonesia,2021-10-28,4242532,143333,,
,Indonesia,2022-03-20,5962483,153738,,
,Indonesia,2022-03-03,5667355,149268,,
,Indonesia,2022-09-15,6402686,157849,,
,Indonesia,2021-08-31,4089801,133023,,
,Indonesia,2022-04-11,6033903,155674,,
,Indonesia,2020-08-21,149408,6500,102991,39917
,Indonesia,2020-03-14,96,5,8,
,Indonesia,2021-02-13,1210703,32936,1016036,161731
,Indonesia,2020-12-20,664930,19880,541811,103239
,Indonesia,2021-12-16,4259857,143979,,
,Indonesia,2022-10-27,6481749,158522,,
,Indonesia,2021-11-08,4248409,143557,,
,Indonesia,2021-03-21,1460184,39550,1290790,129844
,Indonesia,2022-07-27,6185311,156940,,
,Indonesia,2021-11-25,4254815,143782,,
,Indonesia,2022-02-23,5350902,147025,,
,Indonesia,2022-10-01,6433263,158122,,
,Indonesia,2021-08-08,3666031,107096,,
,Indonesia,2020-09-09,203342,8336,145200,49806
,Indonesia,2022-04-14,6037742,155794,,
,Indonesia,2020-11-17,474455,15393,398636,60426
,Indonesia,2020-10-02,295499,10972,221340,63187
,Indonesia,2022-06-30,6088460,156737,,
,Indonesia,2020-05-10,14032,973,2698,10361
,Indonesia,2020-11-29,534266,16815,445793,71658
,Indonesia,2021-03-19,1450132,39339,1278965,131828
,Indonesia,2021-10-01,4216728,142026,,
,Indonesia,2022-06-03,6056017,156604,,
,Indonesia,2022-11-08,6531721,158909,,
,Indonesia,2020-06-24,49009,2573,19658,26778
,Indonesia,2022-01-11,4267451,144144,,
,Indonesia,2021-04-05,1537967,41815,1381677,114475
,Indonesia,2022-09-11,6392492,157770,,
,Indonesia,2020-08-24,155412,6759,111060,37593
,Indonesia,2022-08-31,6358808,157566,,
,Indonesia,2020-09-29,282724,10601,210437,61686
,Indonesia,2022-04-01,6015748,155164,,
,Indonesia,2022-02-27,5539394,148073,,
,Indonesia,2022-11-14,6565912,159158,,
,Indonesia,2020-05-29,25216,1520,6492,17204
,Indonesia,2020-07-29,104432,4975,62138,37319
,Indonesia,2021-04-12,1571824,42656,1419796,109372
,Indonesia,2021-08-29,4073831,131923,,
,Indonesia,2022-02-28,5564448,148335,,
,Indonesia,2021-05-29,1809926,50262,1659974,99690
,Indonesia,2022-11-30,6664844,159830,,
,Indonesia,2020-03-29,1285,114,64,1107
,Indonesia,2022-11-07,6525120,158871,,
,Indonesia,2021-01-05,779548,23109,645746,110693
,Indonesia,2020-11-03,418375,14146,349497,54732
,Indonesia,2022-05-17,6051205,156481,,
,Indonesia,2021-07-02,2228938,59534,1901865,267539
,Indonesia,2022-11-24,6634648,159565,,
,Indonesia,2021-08-19,3930300,122633,,
,Indonesia,2020-11-12,452291,14933,382084,55274
,Indonesia,2021-02-02,1099687,30581,896530,172576
,Indonesia,2021-09-05,4129020,135861,,
,Indonesia,2022-08-24,6329143,157438,,
,Indonesia,2020-07-10,72347,3469,33529,35349
,Indonesia,2021-11-19,4252705,143714,,
,Indonesia,2022-08-07,6244978,157095,,
,Indonesia,2021-12-22,4261072,144034,,
,Indonesia,2021-10-02,4218142,142115,,
,Indonesia,2020-09-10,207203,8456,147510,51237
,Indonesia,2021-09-22,4198678,140954,,
,Indonesia,2022-10-15,6455542,158301,,
,Indonesia,2020-12-09,592900,18171,487445,87284
,Indonesia,2022-11-21,6612673,159422,,
,Indonesia,2021-09-28,4211460,141709,,
,Indonesia,2020-09-19,240687,9448,174350,56889
,Indonesia,2022-05-08,6048431,156381,,
,Indonesia,2022-05-20,6052100,156513,,
,Indonesia,2020-06-19,43803,2373,17349,24081
,Indonesia,2021-03-05,1368069,37026,1182687,148356
,Indonesia,2020-04-25,8607,720,1042,6845
,Indonesia,2022-02-11,4708043,144958,,
,Indonesia,2020-08-27,162884,7064,118575,37245
,Indonesia,2021-05-21,1758898,48887,1621572,88439
,Indonesia,2021-10-16,4234011,142933,,
,Indonesia,2022-08-06,6240699,157082,,
,Indonesia,2020-11-07,433836,14540,364417,54879
,Indonesia,2020-05-14,16006,1043,3518,11445
,Indonesia,2022-09-27,6425849,158057,,
,Indonesia,2022-09-13,6397236,157807,,
,Indonesia,2021-02-25,1314634,35518,1121411,157705
,Indonesia,2021-12-03,4257243,143858,,
,Indonesia,2022-08-05,6235244,157072,,
,Indonesia,2021-05-09,1713684,47012,1568277,98395
,Indonesia,2020-11-14,463007,15148,388094,59765
,Indonesia,2022-04-13,6036909,155746,,
,Indonesia,2022-05-21,6052363,156519,,
,Indonesia,2021-04-15,1589359,43073,1438254,108032
,Indonesia,2021-02-27,1329074,35981,1136054,157039
,Indonesia,2020-07-25,97286,4714,55354,37218
,Indonesia,2021-01-19,927380,26590,753948,146842
,Indonesia,2020-12-29,727122,21703,596783,108636
,Indonesia,2021-05-23,1775220,49328,1633045,92847
,Indonesia,2021-08-05,3568331,102375,,
,Indonesia,2021-09-13,4170088,139165,,
,Indonesia,2020-06-16,40400,2231,15703,22466
,Indonesia,2022-01-17,4272421,144174,,
,Indonesia,2021-02-10,1183555,32167,982972,168416
,Indonesia,2020-10-15,349160,12268,273661,63231
,Indonesia,2021-12-31,4262720,144094,,
,Indonesia,2020-08-01,109936,5193,67919,36824
,Indonesia,2022-07-26,6178873,156929,,
,Indonesia,2022-04-28,6046072,156217,,
,Indonesia,2021-11-24,4254443,143766,,
,Indonesia,2022-01-29,4330763,144285,,
,Indonesia,2021-05-10,1718575,47218,1574615,96742
,Indonesia,2021-01-02,758473,22555,625518,110400
,Indonesia,2021-09-02,4100138,133676,,
,Indonesia,2021-09-10,4158731,138431,,
,Indonesia,2021-06-19,1976172,54291,1786143,135738
,Indonesia,2021-07-22,3033339,79032,2392923,561384
,Indonesia,2021-03-22,1465928,39711,1297967,128250
,Indonesia,2022-03-09,5826589,151135,,
,Indonesia,2020-12-13,617820,18819,505836,93165
,Indonesia,2020-10-18,361867,12511,285324,64032
,Indonesia,2022-02-24,5408328,147342,,
,Indonesia,2021-10-29,4243215,143361,,
,Indonesia,2022-03-02,5630096,149036,,
,Indonesia,2021-09-17,4185144,140138,,
,Indonesia,2022-10-26,6478720,158499,,
,Indonesia,2021-11-07,4248165,143545,,
,Indonesia,2022-08-19,6306686,157343,,
,Indonesia,2022-07-09,6108729,156785,,
,Indonesia,2020-03-21,450,38,15,
,Indonesia,2022-01-14,4269740,144163,,
,Indonesia,2022-09-14,6400035,157828,,
,Indonesia,2022-01-31,4353370,144320,,
,Indonesia,2021-01-17,907929,25987,736460,145482
,Indonesia,2021-05-25,1786187,49627,1642074,94486
,Indonesia,2022-01-15,4270794,144167,,
,Indonesia,2021-08-07,3639616,105598,,
,Indonesia,2020-04-06,2491,209,192,2090
,Indonesia,2020-06-06,30514,1801,9907,18806
,Indonesia,2021-10-13,4231046,142811,,
,Indonesia,2020-10-05,307120,11253,232593,63274
,Indonesia,2021-07-23,3082410,80598,2431911,569901
,Indonesia,2022-05-07,6048204,156371,,
,Indonesia,2022-08-03,6222788,157046,,
,Indonesia,2021-12-01,4256687,143840,,
,Indonesia,2021-03-31,1511712,40858,1348330,122524
,Indonesia,2020-05-01,10551,800,1591,8160
,Indonesia,2021-09-27,4209403,141585,,
,Indonesia,2021-07-13,2615529,68219,2139601,407709
,Indonesia,2021-06-05,1850206,51449,1701784,96973
,Indonesia,2021-01-06,788402,23296,652513,112593
,Indonesia,2022-05-25,6053424,156553,,
,Indonesia,2021-01-23,977474,27664,791059,158751
,Indonesia,2020-10-24,385980,13205,309219,63556
,Indonesia,2020-12-24,692838,20589,563980,108269
,Indonesia,2021-01-15,882418,25484,718696,138238
,Indonesia,2021-02-01,1089308,30277,883682,175349
,Indonesia,2020-11-24,506302,16111,425313,64878
,Indonesia,2020-09-08,200035,8230,142958,48847
,Indonesia,2020-07-08,68079,3359,31585,33135
,Indonesia,2020-08-08,123503,5658,79306,38539
,Indonesia,2020-06-08,32033,1883,10904,19246
,Indonesia,2021-10-03,4219284,142173,,
,Indonesia,2021-04-13,1577526,42782,1426145,108599
,Indonesia,2022-11-23,6627538,159524,,
,Indonesia,2020-06-03,28233,1698,8406,18129
,Indonesia,2020-04-08,2956,240,222,2494
,Indonesia,2020-05-08,13112,943,2494,9675
,Indonesia,2020-07-03,60695,3036,27568,30091
,Indonesia,2021-12-21,4260893,144024,,
,Indonesia,2022-12-01,6669821,159884,,
,Indonesia,2022-08-23,6323715,157420,,
,Indonesia,2021-06-08,1869325,51992,1717370,99963
,Indonesia,2021-03-25,1482559,40081,1317199,125279
,Indonesia,2022-03-31,6012818,155089,,
,Indonesia,2021-06-25,2072867,56371,1835061,181435
,Indonesia,2021-03-09,1392945,37757,1210877,144311
,Indonesia,2022-10-28,6484764,158544,,
,Indonesia,2020-06-15,39294,2198,15123,21973
,Indonesia,2022-03-13,5890495,152166,,
,Indonesia,2021-06-09,1877050,52162,1723253,101635
,Indonesia,2021-06-15,1927708,53280,1757641,83700
,Indonesia,2020-04-15,5136,469,446,4221
,Indonesia,2022-03-07,5770105,150430,,
,Indonesia,2021-09-23,4201559,141114,,
,Indonesia,2022-03-21,5967182,153892,,
,Indonesia,2020-03-04,2,0,0,
,Indonesia,2021-12-05,4257685,143867,,
,Indonesia,2021-09-15,4178164,139682,,
,Indonesia,2020-04-24,8211,689,1002,6520
,Indonesia,2022-06-21,6070933,156700,,
,Indonesia,2021-12-04,4257489,143863,,
,Indonesia,2020-06-09,33076,1923,11414,19739
,Indonesia,2021-05-24,1781127,49455,1638279,93393
,Indonesia,2021-07-24,3127826,82013,2471678,574135
,Indonesia,2020-04-22,7418,635,913,5870
,Indonesia,2022-01-16,4271649,144170,,
,Indonesia,2022-03-04,5693702,149596,,
,Indonesia,2020-07-22,91751,4459,50255,37037
,Indonesia,2020-05-27,23851,1473,6057,16321
,Indonesia,2021-08-06,3607863,104010,,
,Indonesia,2022-09-12,6394340,157787,,
,Indonesia,2020-03-07,4,0,0,
,Indonesia,2020-03-30,1414,122,75,1217
,Indonesia,2020-11-27,522581,16521,437456,68604
,Indonesia,2022-01-04,4263732,144105,,
,Indonesia,2021-12-19,4260544,144002,,
,Indonesia,2021-11-22,4253598,143744,,
,Indonesia,2020-06-30,56385,2876,24806,28703
,Indonesia,2021-01-01,751270,22329,617936,111005
,Indonesia,2022-06-02,6055645,156600,,
,Indonesia,2021-06-18,1963266,54043,1779127,130096
,Indonesia,2020-12-10,598933,18336,491975,88622
,Indonesia,2022-02-26,5504418,147844,,
,Indonesia,2022-07-24,6168342,156902,,
,Indonesia,2020-04-12,4241,373,359,3509
,Indonesia,2021-09-12,4167511,138889,,
,Indonesia,2020-03-17,172,5,8,
,Indonesia,2020-08-17,141370,6207,94458,40705
,Indonesia,2022-11-09,6537907,158952,,
,Indonesia,2021-07-12,2567630,67355,2119478,380797
,Indonesia,2020-07-12,75699,3606,35638,36455
,Indonesia,2020-05-17,17514,1148,4129,12237
,Indonesia,2021-03-08,1386556,37547,1203381,145628
,Indonesia,2021-05-08,1709762,46842,1563917,99003
,Indonesia,2021-06-03,1837126,51095,1691593,94438
,Indonesia,2020-06-20,45029,2429,17883,24717
,Indonesia,2021-01-04,772103,22911,639103,110089
,Indonesia,2022-01-01,4262994,144096,,
,Indonesia,2022-06-18,6066908,156684,,
,Indonesia,2022-01-19,4275528,144192,,
,Indonesia,2021-11-09,4248843,143578,,
,Indonesia,2020-08-14,135123,6021,89618,39484
,Indonesia,2021-03-20,1455788,39447,1284725,131616
,Indonesia,2021-01-16,896642,25767,727358,143517
,Indonesia,2021-01-22,965283,27453,781147,156683
,Indonesia,2020-08-15,137468,6071,91321,40076
,Indonesia,2021-10-12,4229813,142763,,
,Indonesia,2022-10-19,6462655,158361,,
,Indonesia,2021-12-20,4260677,144013,,
,Indonesia,2021-09-24,4204116,141258,,
,Indonesia,2021-09-16,4181309,139919,,
,Indonesia,2022-08-30,6354245,157541,,
,Indonesia,2021-10-04,4220206,142261,,
,Indonesia,2022-09-04,6372542,157647,,
,Indonesia,2021-03-16,1430458,38753,1257663,134042
,Indonesia,2022-08-22,6318857,157396,,
,Indonesia,2020-12-17,643508,19390,526979,97139
,Indonesia,2020-03-20,369,32,15,
,Indonesia,2021-03-24,1476452,39983,1312543,123926
,Indonesia,2020-07-27,100303,4838,58173,37292
,Indonesia,2020-05-22,20796,1326,5057,14413
,Indonesia,2020-06-27,52812,2720,21909,28183
,Indonesia,2020-06-22,46845,2500,18735,25610
,Indonesia,2021-06-06,1856038,51612,1705971,98455
,Indonesia,2022-03-16,5927550,152975,,
,Indonesia,2020-03-27,1046,87,46,913
,Indonesia,2022-01-12,4268097,144150,,
,Indonesia,2020-10-27,396454,13512,322248,60694
,Indonesia,2022-11-25,6640624,159600,,
,Indonesia,2021-07-01,2203108,58995,1890287,253826
,Indonesia,2021-08-18,3908247,121141,,
,Indonesia,2022-05-24,6053109,156548,,
,Indonesia,2022-03-24,5986830,154343,,
,Indonesia,2020-11-10,444348,14761,375741,53846
,Indonesia,2021-11-29,4256112,143819,,
,Indonesia,2022-04-02,6015748,155164,,
,Indonesia,2020-05-12,14749,1007,3063,10679
,Indonesia,2020-10-10,328952,11765,251481,65706
,Indonesia,2020-07-17,83130,3957,41834,37339
,Indonesia,2020-06-12,36406,2048,13213,21145
,Indonesia,2020-06-17,41431,2276,16243,22912
,Indonesia,2022-06-14,6056017,156604,,
,Indonesia,2020-09-12,214746,8650,152458,53638
,Indonesia,2022-08-14,6282774,157226,,
,Indonesia,2020-09-03,184268,7750,132055,44463
,Indonesia,2022-03-14,5900124,152437,,
,Indonesia,2020-10-08,320564,11580,244060,64924
,Indonesia,2020-08-03,113134,5302,70237,37595
,Indonesia,2022-03-06,5748725,150172,,
,Indonesia,2021-06-16,1937652,53476,1763870,83700
,Indonesia,2020-05-03,11192,845,1876,8471
,Indonesia,2021-06-24,2053995,55949,1826504,171542
,Indonesia,2020-04-03,1986,181,134,1671
,Indonesia,2020-12-08,586842,18000,483497,85345
,Indonesia,2020-11-08,437716,14614,368298,54804
,Indonesia,2022-03-22,5974646,154062,,
,Indonesia,2020-03-31,1528,136,81,1311
,Indonesia,2021-03-18,1443853,39142,1272958,131753
,Indonesia,2020-03-11,34,1,2,
,Indonesia,2022-06-04,6056017,156604,,
,Indonesia,2020-05-31,26473,1613,7308,17552
,Indonesia,2021-09-14,4174216,139415,,
,Indonesia,2022-03-30,6009486,155000,,
,Indonesia,2022-06-12,6056017,156604,,
,Indonesia,2021-10-10,4227932,142651,,
,Indonesia,2020-03-16,134,5,8,
,Indonesia,2020-08-31,174796,7417,125959,41420
,Indonesia,2022-10-29,6487905,158571,,
,Indonesia,2021-09-06,4133433,136473,,
,Indonesia,2020-07-31,108376,5131,65907,37338
,Indonesia,2021-09-30,4215104,141939,,
,Indonesia,2021-12-14,4259439,143960,,
,Indonesia,2021-12-06,4257815,143876,,
,Indonesia,2022-06-20,6069255,156695,,
,Indonesia,2021-01-14,869600,25246,711205,133149
,Indonesia,2021-01-30,1066313,29728,862502,174083
,Indonesia,2021-03-26,1487541,40166,1322878,124497
,Indonesia,2021-12-30,4262540,144088,,
,Indonesia,2021-04-04,1534255,41669,1375877,116709
,Indonesia,2022-09-10,6390553,157757,,
,Indonesia,2022-05-18,6051532,156498,,
,Indonesia,2022-01-10,4266649,144136,,
,Indonesia,2021-07-03,2256851,60027,1915147,281677
,Indonesia,2021-07-11,2527203,66464,2084724,376015
,Indonesia,2022-11-15,6573805,159199,,
,Indonesia,2021-08-28,4066404,131372,,
,Indonesia,2022-01-03,4263433,144102,,
,Indonesia,2022-08-08,6249403,157113,,
,Indonesia,2020-04-28,9511,773,1254,7484
,Indonesia,2022-07-06,6100671,156770,,
,Indonesia,2021-05-30,1816041,50404,1663998,101639
,Indonesia,2020-04-23,7775,647,960,6168
,Indonesia,2022-06-27,6081896,156726,,
,Indonesia,2022-09-18,6408806,157892,,
,Indonesia,2020-03-23,579,49,30,500
,Indonesia,2020-04-11,3842,327,286,3229
,Indonesia,2020-07-11,74018,3535,34719,35764
,Indonesia,2021-03-03,1353834,36721,1169916,147197
,Indonesia,2020-05-11,14265,991,2881,10393
,Indonesia,2022-10-30,6490622,158597,,
,Indonesia,2020-06-11,35295,2000,12636,20659
,Indonesia,2022-09-25,6422529,158014,,
,Indonesia,2020-09-11,210940,8544,150217,52179
,Indonesia,2021-03-11,1403722,38049,1224603,141070
,Indonesia,2020-08-11,128776,5824,83710,39242
,Indonesia,2021-10-18,4235384,142999,,
,Indonesia,2022-10-21,6467189,158398,,
,Indonesia,2021-04-28,1657035,45116,1511417,100502
,Indonesia,2020-08-16,139549,6150,93103,40296
,Indonesia,2022-05-03,6047315,156305,,
,Indonesia,2020-09-16,228993,9100,164101,55792
,Indonesia,2021-06-01,1826527,50723,1674479,76634
,Indonesia,2021-08-13,3804943,115096,,
,Indonesia,2021-07-18,2877476,73582,2261658,542236
,Indonesia,2022-10-13,6452078,158263,,
,Indonesia,2022-02-05,4480423,144497,,
,Indonesia,2021-02-08,1166079,31763,963028,171288
,Indonesia,2022-04-23,6043768,156067,,
,Indonesia,2022-07-05,6097928,156766,,
,Indonesia,2021-02-17,1243646,33788,1047676,162182
,Indonesia,2020-12-23,685639,20408,558703,106528
,Indonesia,2021-05-07,1703632,46663,1558423,98546
,Indonesia,2022-02-13,4807778,145176,,
,Indonesia,2020-10-23,381910,13077,305100,63733
,Indonesia,2022-01-25,4294183,144247,,
,Indonesia,2020-07-16,81668,3873,40345,37450
,Indonesia,2021-02-23,1298608,35014,1104990,158604
,Indonesia,2020-05-16,17025,1089,3911,12025
,Indonesia,2021-07-27,3239936,86835,2596820,556281
,Indonesia,2021-05-31,1821703,50578,1669119,102006
,Indonesia,2020-10-29,404048,13701,329778,60569
,Indonesia,2020-04-10,3512,306,282,2924
,Indonesia,2022-04-03,6015748,155164,,
,Indonesia,2020-06-01,26940,1641,7637,17662
,Indonesia,2021-05-27,1797499,49907,1649187,98405
,Indonesia,2022-08-15,6286362,157252,,
,Indonesia,2022-03-17,5939082,153212,,
,Indonesia,2022-02-09,4580093,144719,,
,Indonesia,2021-11-28,4255936,143808,,
,Indonesia,2021-01-07,797723,23520,659437,114766
,Indonesia,2021-12-13,4259249,143948,,
,Indonesia,2021-12-07,4258076,143893,,
,Indonesia,2022-10-18,6460265,158345,,
,Indonesia,2020-12-22,678125,20257,552722,105146
,Indonesia,2021-08-17,3892479,120013,,
,Indonesia,2020-07-24,95418,4665,53945,36808
,Indonesia,2022-11-26,6646093,159641,,
,Indonesia,2021-09-25,4206253,141381,,
,Indonesia,2021-01-13,858043,24951,703464,129628
,Indonesia,2020-05-05,12071,872,2197,9002
,Indonesia,2022-03-23,5981022,154221,,
,Indonesia,2020-08-29,169195,7261,122802,39132
,Indonesia,2021-12-08,4258340,143909,,
,Indonesia,2021-01-20,939948,26857,763703,149388
,Indonesia,2021-09-03,4116890,134930,,
,Indonesia,2022-08-09,6255679,157131,,
,Indonesia,2021-04-03,1527524,41242,1366214,120068
,Indonesia,2020-04-29,9771,784,1391,7596
,Indonesia,2022-05-26,6053670,156556,,
,Indonesia,2020-10-06,311176,11374,236437,63365
,Indonesia,2021-11-27,4255672,143807,,
,Indonesia,2020-12-12,611631,18653,501376,91602
,Indonesia,2021-04-10,1562868,42443,1409288,111137
,Indonesia,2022-08-16,6292231,157277,,
,Indonesia,2020-10-03,299506,11055,225052,63399
,Indonesia,2022-07-29,6197495,156970,,
,Indonesia,2022-09-02,6366518,157608,,
,Indonesia,2020-03-19,311,25,11,
,Indonesia,2020-08-10,127083,5765,82236,39082
,Indonesia,2021-06-13,1911358,52879,1745091,113388
,Indonesia,2022-06-06,6056017,156604,,
,Indonesia,2020-09-15,225030,8965,161065,55000
,Indonesia,2021-05-12,1728204,47617,1584878,83142
,Indonesia,2020-06-14,38277,2134,14531,21612
,Indonesia,2020-07-14,78572,3710,37636,37226
,Indonesia,2020-08-20,147211,6418,100674,40119
,Indonesia,2022-06-26,6080451,156717,,
,Indonesia,2022-10-24,6472664,158454,,
,Indonesia,2020-09-20,244676,9553,177327,57796
,Indonesia,2021-08-02,3462800,97291,2842345,523164
,Indonesia,2021-09-19,4190763,140468,,
,Indonesia,2021-10-27,4241809,143299,,
,Indonesia,2022-09-16,6405044,157876,,
,Indonesia,2022-04-25,6044467,156133,,
,Indonesia,2020-08-19,144945,6346,98657,39942
,Indonesia,2021-08-30,4079267,132491,,
,Indonesia,2020-12-07,581550,17867,479202,84481
,Indonesia,2021-01-28,1037993,29331,842122,166540
,Indonesia,2020-07-19,86521,4143,45401,36977
,Indonesia,2021-02-14,1217468,33183,1025273,159012
,Indonesia,2020-04-19,6575,582,686,5307
,Indonesia,2022-04-17,6039873,155866,,
,Indonesia,2020-03-10,27,0,2,
,Indonesia,2022-07-15,6127084,156833,,
,Indonesia,2021-12-28,4262157,144071,,
,Indonesia,2020-05-25,22750,1391,5642,15717
,Indonesia,2021-11-13,4250516,143644,,
,Indonesia,2021-04-26,1647138,44771,1501715,100652
,Indonesia,2022-01-27,4309270,144261,,
,Indonesia,2021-05-04,1686373,46137,1541149,99087
,Indonesia,2022-11-10,6544201,158989,,
,Indonesia,2020-12-02,549508,17199,458880,73429
,Indonesia,2021-04-25,1641194,44594,1496126,100474
,Indonesia,2022-05-05,6047741,156340,,
,Indonesia,2022-02-15,4807778,145176,,
,Indonesia,2021-11-11,4249758,143608,,
,Indonesia,2022-07-13,6120169,156818,,
,Indonesia,2021-02-09,1174779,31976,973452,169351
,Indonesia,2020-11-23,502110,16002,422386,63722
,Indonesia,2021-08-23,3989060,127214,,
,Indonesia,2022-01-07,4265187,144121,,
,Indonesia,2021-11-05,4247320,143519,,
,Indonesia,2021-07-15,2726803,70192,2176412,480199
,Indonesia,2021-02-15,1223930,33367,1032065,158498
,Indonesia,2020-04-01,1677,157,103,1417
,Indonesia,2022-02-03,4353370,144320,,
,Indonesia,2022-09-07,6382002,157717,,
,Indonesia,2021-03-27,1492002,40364,1327121,124517
,Indonesia,2022-03-11,5864010,151703,,
,Indonesia,2021-07-31,3409658,94119,2770092,545447
,Indonesia,2020-09-24,262022,10105,191853,60064
,Indonesia,2021-03-13,1414741,38329,1237470,138942
,Indonesia,2022-01-23,4286378,144220,,
,Indonesia,2021-04-21,1620569,44007,1475456,101106
,Indonesia,2022-11-01,6497786,158663,,
,Indonesia,2021-04-20,1614849,43777,1468142,102930
,Indonesia,2022-07-18,6138346,156859,,
,Indonesia,2021-11-17,4251945,143698,,
,Indonesia,2021-03-12,1410134,38229,1231454,140451
,Indonesia,2020-12-31,743198,22138,611097,109963
,Indonesia,2022-02-19,5149021,146202,,
,Indonesia,2021-10-09,4227038,142612,,
,Indonesia,2021-09-20,4192695,140634,,
,Indonesia,2021-12-24,4261412,144047,,
,Indonesia,2022-08-26,6338906,157478,,
,Indonesia,2021-02-05,1134854,31202,926980,176672
,Indonesia,2021-07-19,2911733,74920,2293875,542938
,Indonesia,2022-11-16,6582291,159253,,
,Indonesia,2020-04-07,2738,221,204,2313
,Indonesia,2021-11-01,4244761,143423,,
,Indonesia,2021-08-27,4056354,130781,,
,Indonesia,2022-10-08,6443949,158198,,
,Indonesia,2022-07-03,6093917,156749,,
,Indonesia,2022-10-20,6464962,158380,,
,Indonesia,2021-03-28,1496085,40449,1331400,124236
,Indonesia,2022-02-04,4446694,144453,,
,Indonesia,2022-08-11,6267137,157171,,
,Indonesia,2022-06-23,6074825,156706,,
,Indonesia,2022-05-15,6050776,156458,,
,Indonesia,2021-07-04,2284084,60582,1928274,295228
,Indonesia,2021-08-12,3774155,113664,,
,Indonesia,2022-07-31,6207098,156993,,
,Indonesia,2021-10-21,4237834,143120,,
,Indonesia,2020-09-21,248852,9677,180797,58378
,Indonesia,2022-03-27,5995876,154570,,
,Indonesia,2021-04-08,1552880,42227,1399382,111271
,Indonesia,2022-11-05,6517630,158807,,
,Indonesia,2021-07-21,2983830,77583,2356553,549694
,Indonesia,2020-10-31,410088,13869,337801,58418
,Indonesia,2022-01-06,4264669,144116,,
,Indonesia,2022-05-22,6052590,156522,,
,Indonesia,2021-04-16,1594722,43196,1444229,107297
,Indonesia,2020-12-26,706837,20994,576693,109150
,Indonesia,2020-07-18,84882,4016,43268,37598
,Indonesia,2021-01-18,917015,26282,745935,144798
,Indonesia,2022-10-02,6434585,158132,,
,Indonesia,2020-05-18,18010,1191,4324,12495
,Indonesia,2020-04-18,6248,535,631,5082
,Indonesia,2022-08-20,6311608,157365,,
,Indonesia,2022-08-04,6229315,157060,,
,Indonesia,2021-12-02,4256998,143850,,
,Indonesia,2022-01-30,4343185,144303,,
,Indonesia,2022-04-12,6035358,155717,,
,Indonesia,2021-10-14,4232099,142848,,
,Indonesia,2022-09-29,6429767,158093,,
,Indonesia,2020-06-13,37420,2091,13776,21553
,Indonesia,2022-06-16,6064424,156673,,
,Indonesia,2021-03-06,1373836,37154,1189510,147172
,Indonesia,2022-11-20,6608367,159379,,
,Indonesia,2020-11-21,493308,15774,413955,63579
,Indonesia,2021-02-28,1334634,36166,1142703,155765
,Indonesia,2021-07-14,2670046,69210,2157363,443473
,Indonesia,2021-09-26,4208013,141467,,
,Indonesia,2020-09-13,218382,8723,155010,54649
,Indonesia,2022-10-17,6458101,158327,,
,Indonesia,2021-05-26,1791221,49771,1645263,96187
,Indonesia,2021-10-30,4243835,143388,,
,Indonesia,2021-06-04,1843612,51296,1697543,94773
,Indonesia,2022-03-18,5948610,153411,,
,Indonesia,2022-10-10,6446143,158219,,
,Indonesia,2022-05-06,6047986,156357,,
,Indonesia,2022-07-10,6111305,156791,,
,Indonesia,2021-03-30,1505775,40754,1342695,122326
,Indonesia,2021-02-12,1201859,32656,1004117,165086
,Indonesia,2022-04-27,6045660,156199,,
,Indonesia,2021-12-17,4260148,143986,,
,Indonesia,2021-07-29,3331206,90552,2686170,554484
,Indonesia,2022-08-13,6278332,157208,,
,Indonesia,2021-07-07,2379397,62908,1973388,343101
,Indonesia,2021-12-11,4258980,143929,,
,Indonesia,2022-04-21,6042595,156015,,
,Indonesia,2022-02-07,4542601,144636,,
,Indonesia,2021-08-15,3854354,117588,,
,Indonesia,2020-06-25,50187,2620,20449,27118
,Indonesia,2021-01-27,1024298,28855,831330,164113
,Indonesia,2021-03-15,1425044,38573,1249947,136524
,Indonesia,2022-01-21,4280248,144201,,
,Indonesia,2021-04-23,1632248,44346,1487369,100533
,Indonesia,2022-09-21,6415328,157948,,
,Indonesia,2022-11-03,6507610,158737,,
,Indonesia,2020-08-25,157859,6858,112867,38134
,Indonesia,2021-05-19,1753101,48669,1616603,87829
,Indonesia,2021-11-15,4251076,143670,,
,Indonesia,2020-07-01,57770,2934,25595,29241
,Indonesia,2021-10-07,4224487,142494,,
,Indonesia,2022-08-28,6346304,157500,,
,Indonesia,2020-03-05,2,0,0,
,Indonesia,2021-09-09,4153355,138116,,
,Indonesia,2021-06-21,2004445,54956,1801761,147728
,Indonesia,2022-06-09,6056017,156604,,
,Indonesia,2022-11-13,6561504,159104,,
,Indonesia,2020-06-05,29521,1770,9443,18308
,Indonesia,2020-11-22,497668,15884,418188,63596
,Indonesia,2020-09-01,177571,7505,128057,42009
,Indonesia,2022-02-01,4353370,144320,,
,Indonesia,2020-07-26,98778,4781,56655,37342
,Indonesia,2020-05-26,23165,1418,5877,15870
,Indonesia,2021-05-03,1682004,45949,1535491,100564
,Indonesia,2021-06-11,1894025,52566,1735144,106315
,Indonesia,2020-09-17,232628,9222,166686,56720
,Indonesia,2021-01-11,836718,24343,688739,123636
,Indonesia,2020-11-06,429574,14442,360705,54427
,Indonesia,2021-08-10,3718821,110619,,
,Indonesia,2021-12-27,4261879,144063,,
,Indonesia,2021-10-23,4239396,143176,,
,Indonesia,2022-03-25,5986830,154343,,
,Indonesia,2022-06-25,6078725,156714,,
,Indonesia,2022-07-16,6131413,156839,,
,Indonesia,2020-12-01,543975,17081,454879,72015
,Indonesia,2020-07-21,89869,4320,48466,37083
,Indonesia,2021-01-29,1051795,29518,852260,170017
,Indonesia,2020-12-25,700097,20847,570304,108946
,Indonesia,2022-04-18,6040432,155903,,
,Indonesia,2020-10-19,365240,12617,289243,63380
,Indonesia,2022-07-14,6123753,156827,,
,Indonesia,2021-12-29,4262351,144081,,
,Indonesia,2022-11-19,6603195,159348,,
,Indonesia,2021-08-16,3871738,118833,,
,Indonesia,2021-08-24,4008166,128252,,
,Indonesia,2022-09-30,6431624,158112,,
,Indonesia,2022-05-30,6054633,156586,,
,Indonesia,2020-09-18,236519,9336,170774,56409
,Indonesia,2022-09-22,6417490,157966,,
,Indonesia,2021-01-26,1012350,28468,820356,163526
,Indonesia,2022-01-22,4283453,144206,,
,Indonesia,2020-08-18,143043,6277,96306,40460
,Indonesia,2022-08-12,6273228,157189,,
,Indonesia,2020-06-18,42762,2339,16798,23625
,Indonesia,2020-10-26,392934,13411,317672,61851
,Indonesia,2021-04-24,1636792,44500,1492322,99970
,Indonesia,2022-04-04,6015748,155164,,
,Indonesia,2020-11-26,516753,16352,433649,66752
,Indonesia,2022-02-16,4966046,145622,,
,Indonesia,2021-07-06,2345018,61868,1958553,324597
,Indonesia,2020-05-13,15438,1028,3287,11123
,Indonesia,2021-12-10,4258752,143923,,
,Indonesia,2020-07-13,76981,3656,36689,36636
,Indonesia,2020-10-21,373109,12857,297509,62743
,Indonesia,2022-04-20,6041269,155937,,
,Indonesia,2021-03-14,1419455,38426,1243117,137912
,Indonesia,2022-02-08,4580093,144719,,
,Indonesia,2022-06-08,6056017,156604,,
,Indonesia,2021-10-06,4223094,142413,,
,Indonesia,2020-08-13,132816,5968,87558,39290
,Indonesia,2021-11-16,4251423,143685,,
,Indonesia,2022-09-06,6378489,157696,,
,Indonesia,2022-08-27,6343076,157493,,
,Indonesia,2022-11-27,6650244,159676,,
,Indonesia,2021-02-04,1123105,31001,917306,174798
,Indonesia,2021-07-30,3372374,92311,2730720,549343
,Indonesia,2022-07-21,6154494,156880,,
,Indonesia,2020-09-25,266845,10218,196196,60431
,Indonesia,2022-02-21,5231923,146541,,
,Indonesia,2022-10-03,6435719,158143,,
,Indonesia,2021-10-31,4244358,143405,,
,Indonesia,2022-07-07,6103552,156776,,
,Indonesia,2020-04-16,5516,496,548,4472
,Indonesia,2022-05-11,6048685,156396,,
,Indonesia,2021-07-09,2455912,64631,2023548,367733
,Indonesia,2022-06-28,6084063,156728,,
,Indonesia,2022-08-01,6210794,157004,,
,Indonesia,2021-02-21,1278653,34489,1087076,157088
,Indonesia,2020-12-28,719219,21452,589978,107789
,Indonesia,2021-10-25,4240479,143235,,
,Indonesia,2022-09-23,6419394,157986,,
,Indonesia,2020-03-06,4,0,0,
,Indonesia,2020-03-03,2,0,0,
,Indonesia,2022-10-31,6493079,158631,,
,Indonesia,2022-03-01,5589176,148660,,
,Indonesia,2020-04-26,8882,743,1107,7032
,Indonesia,2020-08-26,160165,6944,115409,37812
,Indonesia,2021-05-11,1723596,47465,1580207,95924
,Indonesia,2021-10-26,4241090,143270,,
,Indonesia,2022-01-28,4319175,144268,,
,Indonesia,2020-05-02,10843,831,1665,8347
,Indonesia,2020-08-23,153535,6680,107500,39355
,Indonesia,2022-09-17,6407123,157884,,
,Indonesia,2021-03-02,1347026,36518,1160863,149645
,Indonesia,2021-08-01,3440396,95723,2809538,535135
,Indonesia,2021-06-28,2135998,57561,1859961,218476
,Indonesia,2022-07-08,6106024,156781,,
,Indonesia,2020-06-04,28818,1721,8892,18205
,Indonesia,2020-06-07,31186,1851,10498,18837
,Indonesia,2020-09-02,180646,7616,129971,43059
,Indonesia,2022-10-25,6475672,158475,,
,Indonesia,2021-04-19,1609300,43567,1461414,104319
,Indonesia,2021-11-06,4247721,143534,,
,Indonesia,2021-09-18,4188529,140323,,
,Indonesia,2020-04-13,4557,399,380,3778
,Indonesia,2021-05-05,1691658,46349,1547092,98217
,Indonesia,2022-04-24,6044150,156100,,
,Indonesia,2022-07-20,6149084,156875,,
,Indonesia,2022-11-11,6550448,159035,,
,Indonesia,2020-12-04,563680,17479,466178,80023
,Indonesia,2022-07-23,6164271,156902,,
,Indonesia,2022-04-15,6038664,155820,,
,Indonesia,2022-04-09,6031636,155597,,
,Indonesia,2020-11-28,527999,16646,441983,69370
,Indonesia,2020-10-04,303498,11151,228453,63894
,Indonesia,2021-05-13,1731652,47716,1589079,94857
,Indonesia,2021-11-03,4246174,143481,,
,Indonesia,2021-11-21,4253412,143739,,
,Indonesia,2022-10-05,6439292,158165,,
,Indonesia,2021-08-21,3967048,125342,,
,Indonesia,2021-10-17,4234758,142952,,
,Indonesia,2020-05-23,21745,1351,5249,15145
,Indonesia,2022-10-06,6441123,158177,,
,Indonesia,2020-07-23,93657,4576,52164,36917
,Indonesia,2021-08-03,3496700,98889,2873669,524142
,Indonesia,2022-10-23,6470961,158429,,
,Indonesia,2021-08-20,3950304,123981,,
,Indonesia,2022-09-09,6387944,157741,,
,Indonesia,2020-09-23,257388,9977,187958,59453
,Indonesia,2022-06-19,6068075,156687,,
,Indonesia,2022-10-22,6469276,158416,,
,Indonesia,2022-09-26,6423873,158036,,
,Indonesia,2020-06-02,27549,1663,7935,17951
,Indonesia,2020-08-02,111455,5236,68975,37244
,Indonesia,2020-09-07,196989,8130,140652,48207
,Indonesia,2021-03-10,1398578,37932,1216433,144213
,Indonesia,2022-03-29,6005646,154882,,
,Indonesia,2020-07-07,66226,3309,30785,32132
,Indonesia,2020-05-04,11587,864,1954,8769
,Indonesia,2022-10-12,6450248,158249,,
,Indonesia,2020-05-07,12776,930,2381,9465
,Indonesia,2020-07-04,62142,3089,28219,30834
,Indonesia,2021-08-14,3833541,116366,,
,Indonesia,2021-04-27,1651794,44939,1506599,100256
,Indonesia,2022-01-09,4266195,144129,,
,Indonesia,2022-01-26,4301193,144254,,
,Indonesia,2020-09-04,187537,7832,134181,45524
,Indonesia,2021-02-07,1157837,31556,949990,176291
,Indonesia,2020-04-02,1790,170,112,1508
,Indonesia,2021-07-17,2832755,72489,2232394,527872
,Indonesia,2020-05-24,22271,1372,5402,15497
,Indonesia,2020-11-04,421731,14259,353282,54190
,Indonesia,2021-01-31,1078314,29998,873221,175095
,Indonesia,2021-03-07,1379662,37266,1194656,147740
,Indonesia,2020-07-05,63749,3171,29105,31473
,Indonesia,2021-04-29,1662868,45334,1517432,100102
,Indonesia,2022-03-05,5723858,149918,,
,Indonesia,2021-07-25,3166505,83279,2509318,573908
,Indonesia,2020-10-22,377541,12959,301006,63576
,Indonesia,2021-06-17,1950276,53753,1771220,125303
,Indonesia,2022-06-01,6055341,156594,,
,Indonesia,2020-09-06,194109,8025,138575,47509
,Indonesia,2020-06-29,55092,2805,23800,28487
,Indonesia,2021-09-29,4213414,141826,,
,Indonesia,2020-06-23,47896,2535,19241,26120
,Indonesia,2022-11-22,6620317,159473,,
,Indonesia,2020-10-28,400483,13612,325793,61078
,Indonesia,2021-01-03,765350,22734,631937,110679
,Indonesia,2020-12-06,575796,17740,474771,83285
,Indonesia,2021-07-10,2491006,65457,2052109,373440
,Indonesia,2021-06-02,1831773,50908,1680501,100364
,Indonesia,2021-02-11,1191990,32381,993117,166492
,Indonesia,2022-06-17,6065644,156679,,
,Indonesia,2020-07-02,59394,2987,26667,29740
,Indonesia,2021-12-18,4260380,143998,,
,Indonesia,2020-12-03,557877,17355,462553,77969
,Indonesia,2020-08-07,121226,5593,77557,38076
,Indonesia,2020-10-12,336716,11935,258519,66262
,Indonesia,2022-04-29,6046467,156240,,
,Indonesia,2021-11-23,4253992,143753,,
,Indonesia,2022-07-25,6172390,156916,,
,Indonesia,2022-02-25,5457775,147586,,
,Indonesia,2020-06-10,34316,1959,12129,20228
,Indonesia,2021-04-14,1583182,42906,1431892,108384
,Indonesia,2022-09-28,6427764,158076,,
,Indonesia,2020-11-01,412784,13943,341942,56899
,Indonesia,2021-10-15,4233014,142889,,
,Indonesia,2020-08-04,115056,5388,72050,37618
,Indonesia,2021-05-22,1758898,48887,1621572,88439
,Indonesia,2021-12-12,4259143,143936,,
,Indonesia,2021-01-08,808340,23753,666883,117704
,Indonesia,2020-03-09,19,0,0,
,Indonesia,2022-05-27,6053894,156565,,
,Indonesia,2022-11-06,6521292,158829,,
,Indonesia,2022-05-19,6051850,156510,,
,Indonesia,2021-01-12,846765,24645,695807,126313
,Indonesia,2021-04-11,1566995,42530,1414507,109958
,Indonesia,2021-11-26,4255268,143796,,
,Indonesia,2021-07-20,2950058,76200,2323666,550192
,Indonesia,2022-08-17,6297484,157296,,
,Indonesia,2021-04-02,1523179,41151,1361017,121011
,Indonesia,2021-05-28,1803361,50100,1654557,98704
,Indonesia,2020-11-15,467113,15211,391991,59911
,Indonesia,2020-12-15,629429,19111,516656,93662
,Indonesia,2022-01-20,4277644,144199,,
,Indonesia,2020-09-22,252923,9837,184298,58788
,Indonesia,2021-06-14,1919547,53116,1751234,115197
,Indonesia,2021-12-15,4259644,143969,,
,Indonesia,2022-07-28,6191664,156957,,
,Indonesia,2021-08-09,3686740,108571,,
,Indonesia,2022-06-11,6056017,156604,,
,Indonesia,2022-09-01,6362902,157591,,
,Indonesia,2022-03-15,5914532,152745,,
,Indonesia,2021-09-04,4123617,135469,,
,Indonesia,2021-01-21,951651,27203,772790,151658
,Indonesia,2021-04-30,1668368,45521,1522634,100213
,Indonesia,2022-04-10,6032707,155626,,
,Indonesia,2021-03-17,1437283,38915,1266673,131695
,Indonesia,2020-11-05,425796,14348,357142,54306
,Indonesia,2022-06-05,6056017,156604,,
,Indonesia,2020-07-06,64958,3241,29919,31798
,Indonesia,2022-05-31,6054973,156591,,
,Indonesia,2022-06-13,6056017,156604,,
,Indonesia,2021-06-07,1863031,51803,1711565,99663
,Indonesia,2021-10-11,4228552,142716,,
,Indonesia,2021-10-05,4221610,142338,,
,Indonesia,2020-05-15,16496,1076,3803,11617
,Indonesia,2022-01-13,4268890,144155,,
,Indonesia,2022-09-03,6369778,157631,,
,Indonesia,2020-03-24,686,55,30,601
,Indonesia,2020-03-13,69,4,2,
,Indonesia,2021-03-23,1471225,39865,1304921,126439
,Indonesia,2022-08-21,6315557,157377,,
,Indonesia,2020-05-21,20162,1278,4838,14046
,Indonesia,2022-05-09,6048685,156396,,
,Indonesia,2022-01-02,4263168,144097,,
,Indonesia,2020-07-15,80094,3797,39050,37247
,Indonesia,2021-02-26,1322866,35786,1128672,158408
,Indonesia,2021-06-30,2178272,58491,1880413,239368
,Indonesia,2020-10-25,389712,13299,313764,62649
,Indonesia,2022-10-14,6453864,158281,,
,Indonesia,2022-02-10,4667554,144858,,
,Indonesia,2020-06-26,51427,2683,21333,27411
,Indonesia,2020-12-19,657948,19659,536260,102029
,Indonesia,2020-12-11,605243,18511,496886,89846
,Indonesia,2022-07-30,6202893,156983,,
,Indonesia,2021-11-12,4250157,143628,,
,Indonesia,2021-11-20,4253098,143728,,
,Indonesia,2020-10-11,333449,11844,255027,66578
,Indonesia,2020-11-11,448118,14836,378982,54300
,Indonesia,2021-11-04,4246802,143500,,
,Indonesia,2022-07-22,6159328,156893,,
,Indonesia,2021-02-24,1306141,35254,1112725,158162
,Indonesia,2020-09-28,278722,10473,206870,61379
,Indonesia,2022-02-12,4763252,145065,,
,Indonesia,2021-05-06,1697305,46496,1552532,98277
,Indonesia,2022-04-08,6030168,155556,,
,Indonesia,2021-05-14,1734285,47823,1592886,93576
,Indonesia,2022-02-20,5197505,146365,,
,Indonesia,2022-04-16,6039266,155844,,
,Indonesia,2020-08-28,165887,7169,120900,37818
,Indonesia,2020-07-28,102051,4901,60539,36611
,Indonesia,2020-05-28,24538,1496,6240,16802
,Indonesia,2020-06-28,54010,2754,22936,28320
,Indonesia,2020-10-16,353461,12347,277544,63570
,Indonesia,2022-05-10,6048685,156396,,
,Indonesia,2020-03-28,1155,102,59,994
,Indonesia,2022-01-18,4273783,144183,,
,Indonesia,2020-11-16,470648,15296,395443,59909
,Indonesia,2021-08-04,3532567,100636,2907920,524011
,Indonesia,2020-12-16,636154,19248,521984,94922
,Indonesia,2021-02-16,1233959,33596,1039674,160689
,Indonesia,2021-07-26,3194733,84766,2549692,560275
